variable,count,mean,std,min,25%,50%,75%,max,original
dummy1,1000.0,-0.0001072221531632881,0.011077044507053584,-0.0379781038690225,-0.00751117456242895,-0.00045687156280035,0.0072717769175091995,0.0314151642978437,0.0129320270038597
dummy2,1000.0,6.316582247753478e-05,0.010519767929854828,-0.03832270757003,-0.007266846883955825,-4.990387298842158e-06,0.007530458562624725,0.0329072397885674,0.0063605726147457
x1,1000.0,-0.01020949047512493,3.0258376174305943,-8.260870850964343,-2.076481000721267,-0.0883928266651335,1.9058792059961012,28.206085594880783,28.206085594880783
x2,1000.0,0.0860314039218362,8.038780641976572,-22.18807815324518,-5.3912813615219655,0.018600558937208002,5.271515107518609,75.05041448687155,75.05041448687155
x3,1000.0,-0.007426447507929879,1.9571167003994965,-5.71803042828418,-1.2137313579282463,-0.0112805214537687,1.2448187146284995,17.75515933729811,17.75515933729811
